feature,pathname
Antarctica,Antarctica/150.jpg
Antarctica,Antarctica/152.jpg
Antarctica,Antarctica/153.jpg
Antarctica,Antarctica/154.jpg
Antarctica,Antarctica/155.jpeg
Antarctica,Antarctica/156.jpg
Antarctica,Antarctica/157.jpg
Antarctica,Antarctica/158.jpg
Antarctica,Antarctica/159.jpg
Antarctica,Antarctica/160.jpg
Antarctica,Antarctica/162.jpg
Antarctica,Antarctica/163.jpg
Antarctica,Antarctica/164.jpg
Antarctica,Antarctica/166.jpg
Antarctica,Antarctica/168.jpg
Antarctica,Antarctica/170.jpg
Antarctica,Antarctica/171.jpg
Antarctica,Antarctica/172.jpg
Antarctica,Antarctica/173.jpg
Antarctica,Antarctica/175.jpg
Antarctica,Antarctica/176.jpg
Antarctica,Antarctica/177.jpeg
Antarctica,Antarctica/178.jpg
Antarctica,Antarctica/179.jpg
Antarctica,Antarctica/180.jpg
Antarctica,Antarctica/182.jpg
Antarctica,Antarctica/184.jpg
Antarctica,Antarctica/185.jpg
Antarctica,Antarctica/188.jpg
Antarctica,Antarctica/189.jpg
Antarctica,Antarctica/190.jpg
Antarctica,Antarctica/194.jpg
Antarctica,Antarctica/195.jpg
Antarctica,Antarctica/196.jpg
Antarctica,Antarctica/198.jpg
Antarctica,Antarctica/200.jpg
Antarctica,Antarctica/203.jpg
Antarctica,Antarctica/204.jpg
Antarctica,Antarctica/206.jpg
Antarctica,Antarctica/207.jpg
Antarctica,Antarctica/209.jpg
Antarctica,Antarctica/211.jpg
Antarctica,Antarctica/212.jpg
Antarctica,Antarctica/213.jpg
Antarctica,Antarctica/214.jpg
Antarctica,Antarctica/219.jpg
Antarctica,Antarctica/220.jpg
Antarctica,Antarctica/222.jpg
Antarctica,Antarctica/227.jpg
Antarctica,Antarctica/230.jpg
Antarctica,Antarctica/233.jpg
Burj Khalifa - UAE,Burj Khalifa - UAE/10.jpeg
Burj Khalifa - UAE,Burj Khalifa - UAE/103.jpg
Burj Khalifa - UAE,Burj Khalifa - UAE/107.jpg
Burj Khalifa - UAE,Burj Khalifa - UAE/108.jpg
Burj Khalifa - UAE,Burj Khalifa - UAE/109.jpg
Burj Khalifa - UAE,Burj Khalifa - UAE/111.jpeg
Burj Khalifa - UAE,Burj Khalifa - UAE/115.jpg
Burj Khalifa - UAE,Burj Khalifa - UAE/116.jpg
Burj Khalifa - UAE,Burj Khalifa - UAE/117.jpg
Burj Khalifa - UAE,Burj Khalifa - UAE/12.jpg
Burj Khalifa - UAE,Burj Khalifa - UAE/13.jpg
Burj Khalifa - UAE,Burj Khalifa - UAE/14.jpg
Burj Khalifa - UAE,Burj Khalifa - UAE/16.jpg
Burj Khalifa - UAE,Burj Khalifa - UAE/21.jpg
Burj Khalifa - UAE,Burj Khalifa - UAE/23.jpg
Burj Khalifa - UAE,Burj Khalifa - UAE/24.jpg
Burj Khalifa - UAE,Burj Khalifa - UAE/27.jpg
Burj Khalifa - UAE,Burj Khalifa - UAE/3.jpg
Burj Khalifa - UAE,Burj Khalifa - UAE/31.jpg
Burj Khalifa - UAE,Burj Khalifa - UAE/32.jpg
Burj Khalifa - UAE,Burj Khalifa - UAE/33.jpg
Burj Khalifa - UAE,Burj Khalifa - UAE/35.jpg
Burj Khalifa - UAE,Burj Khalifa - UAE/38.jpg
Burj Khalifa - UAE,Burj Khalifa - UAE/4.jpg
Burj Khalifa - UAE,Burj Khalifa - UAE/40.jpg
Burj Khalifa - UAE,Burj Khalifa - UAE/47.jpg
Burj Khalifa - UAE,Burj Khalifa - UAE/5.jpg
Burj Khalifa - UAE,Burj Khalifa - UAE/50.jpg
Burj Khalifa - UAE,Burj Khalifa - UAE/52.jpg
Burj Khalifa - UAE,Burj Khalifa - UAE/55.jpg
Burj Khalifa - UAE,Burj Khalifa - UAE/56.jpeg
Burj Khalifa - UAE,Burj Khalifa - UAE/58.jpg
Burj Khalifa - UAE,Burj Khalifa - UAE/6.jpg
Burj Khalifa - UAE,Burj Khalifa - UAE/61.jpg
Burj Khalifa - UAE,Burj Khalifa - UAE/66.jpg
Burj Khalifa - UAE,Burj Khalifa - UAE/68.jpg
Burj Khalifa - UAE,Burj Khalifa - UAE/69.jpg
Burj Khalifa - UAE,Burj Khalifa - UAE/70.jpg
Burj Khalifa - UAE,Burj Khalifa - UAE/73.jpg
Burj Khalifa - UAE,Burj Khalifa - UAE/77.jpg
Burj Khalifa - UAE,Burj Khalifa - UAE/78.jpg
Burj Khalifa - UAE,Burj Khalifa - UAE/8.jpg
Burj Khalifa - UAE,Burj Khalifa - UAE/81.jpg
Burj Khalifa - UAE,Burj Khalifa - UAE/83.jpg
Burj Khalifa - UAE,Burj Khalifa - UAE/86.jpg
Burj Khalifa - UAE,Burj Khalifa - UAE/87.jpg
Burj Khalifa - UAE,Burj Khalifa - UAE/91.jpg
Burj Khalifa - UAE,Burj Khalifa - UAE/96.jpeg
Burj Khalifa - UAE,Burj Khalifa - UAE/97.jpg
Burj Khalifa - UAE,Burj Khalifa - UAE/98.jpg
Chich-n Itz - Mexico,Chich-n Itz - Mexico/18.a29a86be1590c11ded93d884e0b91d62.jpg
Chich-n Itz - Mexico,Chich-n Itz - Mexico/20.Chichen-Itza-770x305.jpg
Chich-n Itz - Mexico,Chich-n Itz - Mexico/21.mexico-yucatan-state-maya-site-of-chichen-itza-A82EPC.jpg
Chich-n Itz - Mexico,Chich-n Itz - Mexico/23.el-castillo-kukulkan-pyramid-chichen-itza-mayan-ruins-yucatan-mexico-A9AHNJ.jpg
Chich-n Itz - Mexico,Chich-n Itz - Mexico/27.istock_481900347_mexico_maya_ruins_uxmal_letterbox.jpg
Chich-n Itz - Mexico,Chich-n Itz - Mexico/28.1800px-Chich_C3_A9n_Itz_C3_A1-banner.jpg
Chich-n Itz - Mexico,Chich-n Itz - Mexico/29.best-ruins-chichen-itza-770.jpg
Chich-n Itz - Mexico,Chich-n Itz - Mexico/30.Mexico.jpg
Chich-n Itz - Mexico,Chich-n Itz - Mexico/33.pyramid-kukulkan-amnd-square-with-dry-grass-in-chichen-itza-mexico-KY78N8.jpg
Chich-n Itz - Mexico,Chich-n Itz - Mexico/34.9414281850_51483a3a9a_b.jpg
Chich-n Itz - Mexico,Chich-n Itz - Mexico/35.25973413291_9d2e1a20b6_z.jpg
Chich-n Itz - Mexico,Chich-n Itz - Mexico/40.chichen-itza-20328170.jpg
Chich-n Itz - Mexico,Chich-n Itz - Mexico/42.mexico-chichenitza.jpg
Chich-n Itz - Mexico,Chich-n Itz - Mexico/44.chichen-itza-pyramid-and-elegant-young-woman-walking-in-the-sunset-with-dramatic-clouded-sky-in-background-RDX6YT.jpg
Chich-n Itz - Mexico,Chich-n Itz - Mexico/46.WEB_PHOTO_MAYAN_PYRAMID_040218.jpg
Chich-n Itz - Mexico,Chich-n Itz - Mexico/49.waystoplay-ruins-Chichen-Itza.jpg
Chich-n Itz - Mexico,Chich-n Itz - Mexico/50.most-instagrammable-places-in-mexico-41.jpg
Chich-n Itz - Mexico,Chich-n Itz - Mexico/52.El-Castillo-The-Pyramid-of-Kukulcan-at-Chichen-Itza-Mexico-_C2_A9-Tose-Dreamstime-22323747-e1426796268103-1000x399.jpg
Chich-n Itz - Mexico,Chich-n Itz - Mexico/53.000_I58YE.jpg
Chich-n Itz - Mexico,Chich-n Itz - Mexico/54.el-castillo-chichen-itza-souvenir-srinivasan-venkatarajan.jpg
Chich-n Itz - Mexico,Chich-n Itz - Mexico/55.yucatan-mexico-july-2015-kukulkan-260nw-1058873978.jpg
Chich-n Itz - Mexico,Chich-n Itz - Mexico/56.ek-balam132557.jpg
Chich-n Itz - Mexico,Chich-n Itz - Mexico/57.002310.jpg
Chich-n Itz - Mexico,Chich-n Itz - Mexico/58.chichen-itza-20741999.jpg
Chich-n Itz - Mexico,Chich-n Itz - Mexico/59.178-180642_1.jpg
Chich-n Itz - Mexico,Chich-n Itz - Mexico/62.el-castillo-pyramid-chichen-itza-panoramic-images-canvas-print.jpg
Chich-n Itz - Mexico,Chich-n Itz - Mexico/71.ei-castillo-castel-of-chich.jpg
Chich-n Itz - Mexico,Chich-n Itz - Mexico/78.esy-009420032.jpg
Chich-n Itz - Mexico,Chich-n Itz - Mexico/86.el-castillo-1-[550x250].jpg
Christ the Reedemer Statue,Christ the Reedemer Statue/56.Christ-the-Redeemer.jpg
Christ the Reedemer Statue,Christ the Reedemer Statue/57.2297071.jpg
Christ the Reedemer Statue,Christ the Reedemer Statue/58.imgbin-christ-the-redeemer-corcovado-new7wonders-of-the-world-christ-blessing-statue-others-UGe8xPDWQcQmjC6QM4SQZu5St.jpg
Christ the Reedemer Statue,Christ the Reedemer Statue/59.turismo-rio-de-janeiro-15-11-1.jpg
Christ the Reedemer Statue,Christ the Reedemer Statue/60.Christ_the_Redeemer_Travel.jpg
Christ the Reedemer Statue,Christ the Reedemer Statue/61.cross-2744230__340.jpg
Christ the Reedemer Statue,Christ the Reedemer Statue/63.10147496.jpg
Christ the Reedemer Statue,Christ the Reedemer Statue/64.climb-up-to-the-statue-of-christ-the-redeemer-in-rio--thumb.jpg
Christ the Reedemer Statue,Christ the Reedemer Statue/65.AKG616222.jpg
Christ the Reedemer Statue,Christ the Reedemer Statue/66.christo-redentor.jpg
Christ the Reedemer Statue,Christ the Reedemer Statue/67.img32806-Rio-De-Janeiro-Christ-the-Redeemer-statue.jpg
Christ the Reedemer Statue,Christ the Reedemer Statue/68.Christ-the-Redeemer-Rio-640x280.jpg
Christ the Reedemer Statue,Christ the Reedemer Statue/70.rio-de-janeiro-christ-redeemer-statue-825x275.jpg
Christ the Reedemer Statue,Christ the Reedemer Statue/72.christtheredeemer_article_image.jpg
Christ the Reedemer Statue,Christ the Reedemer Statue/73.Christ-640x240.jpg
Christ the Reedemer Statue,Christ the Reedemer Statue/74.2297069.jpg
Christ the Reedemer Statue,Christ the Reedemer Statue/75.tour-cristo-redentor-tren.jpg
Christ the Reedemer Statue,Christ the Reedemer Statue/78.Christ_on_Corcovado_mountain-1600x450.jpg
Christ the Reedemer Statue,Christ the Reedemer Statue/79.Rio-de-Janeiro-jesus-statue-940x450-FEAT.jpg
Christ the Reedemer Statue,Christ the Reedemer Statue/80.Rio-de-janeiro-photography-1-820x312.jpg
Christ the Reedemer Statue,Christ the Reedemer Statue/83.corcovado-christ-statue.jpg
Christ the Reedemer Statue,Christ the Reedemer Statue/84.brazil-fotolia-18249418-sfmthd_0_0.jpg
Christ the Reedemer Statue,Christ the Reedemer Statue/85.christ-the-redeemer-tours.jpg
Christ the Reedemer Statue,Christ the Reedemer Statue/86.The-Christ-the-Redeemer-statue-1.jpg
Christ the Reedemer Statue,Christ the Reedemer Statue/88.christ-redeemer-statue-rio-de-600w-46772326.jpg
Christ the Reedemer Statue,Christ the Reedemer Statue/89.brazil.jpg
Christ the Reedemer Statue,Christ the Reedemer Statue/90.dsc07272.jpg
Christ the Reedemer Statue,Christ the Reedemer Statue/91.ABC_christ_redeemer_jef_140713_31x13_992.jpg
Christ the Reedemer Statue,Christ the Reedemer Statue/92.cv.001.jpg
Eiffel Tower - Paris,Eiffel Tower - Paris/126.jpg
Eiffel Tower - Paris,Eiffel Tower - Paris/127.jpg
Eiffel Tower - Paris,Eiffel Tower - Paris/128.jpg
Eiffel Tower - Paris,Eiffel Tower - Paris/129.jpg
Eiffel Tower - Paris,Eiffel Tower - Paris/130.jpg
Eiffel Tower - Paris,Eiffel Tower - Paris/131.jpg
Eiffel Tower - Paris,Eiffel Tower - Paris/132.jpg
Eiffel Tower - Paris,Eiffel Tower - Paris/133.jpg
Eiffel Tower - Paris,Eiffel Tower - Paris/135.jpg
Eiffel Tower - Paris,Eiffel Tower - Paris/136.jpg
Eiffel Tower - Paris,Eiffel Tower - Paris/138.jpg
Eiffel Tower - Paris,Eiffel Tower - Paris/139.jpeg
Eiffel Tower - Paris,Eiffel Tower - Paris/140.jpg
Eiffel Tower - Paris,Eiffel Tower - Paris/141.jpg
Eiffel Tower - Paris,Eiffel Tower - Paris/142.jpg
Eiffel Tower - Paris,Eiffel Tower - Paris/143.jpeg
Eiffel Tower - Paris,Eiffel Tower - Paris/144.jpg
Eiffel Tower - Paris,Eiffel Tower - Paris/145.jpg
Eiffel Tower - Paris,Eiffel Tower - Paris/146.jpg
Eiffel Tower - Paris,Eiffel Tower - Paris/147.jpg
Eiffel Tower - Paris,Eiffel Tower - Paris/148.jpg
Eiffel Tower - Paris,Eiffel Tower - Paris/149.jpg
Eiffel Tower - Paris,Eiffel Tower - Paris/150.jpeg
Eiffel Tower - Paris,Eiffel Tower - Paris/152.jpg
Eiffel Tower - Paris,Eiffel Tower - Paris/153.jpg
Eiffel Tower - Paris,Eiffel Tower - Paris/154.jpg
Eiffel Tower - Paris,Eiffel Tower - Paris/155.jpg
Eiffel Tower - Paris,Eiffel Tower - Paris/156.jpg
Eiffel Tower - Paris,Eiffel Tower - Paris/157.jpg
Eiffel Tower - Paris,Eiffel Tower - Paris/158.jpg
Eiffel Tower - Paris,Eiffel Tower - Paris/159.jpg
Eiffel Tower - Paris,Eiffel Tower - Paris/161.jpg
Eiffel Tower - Paris,Eiffel Tower - Paris/162.jpg
Eiffel Tower - Paris,Eiffel Tower - Paris/164.jpg
Eiffel Tower - Paris,Eiffel Tower - Paris/166.jpg
Eiffel Tower - Paris,Eiffel Tower - Paris/167.jpg
Eiffel Tower - Paris,Eiffel Tower - Paris/168.jpg
Eiffel Tower - Paris,Eiffel Tower - Paris/169.jpg
Eiffel Tower - Paris,Eiffel Tower - Paris/170.jpg
Eiffel Tower - Paris,Eiffel Tower - Paris/171.jpg
Eiffel Tower - Paris,Eiffel Tower - Paris/172.jpeg
Eiffel Tower - Paris,Eiffel Tower - Paris/173.jpg
Eiffel Tower - Paris,Eiffel Tower - Paris/174.jpg
Eiffel Tower - Paris,Eiffel Tower - Paris/177.jpg
Eiffel Tower - Paris,Eiffel Tower - Paris/178.jpg
Eiffel Tower - Paris,Eiffel Tower - Paris/179.jpg
Eiffel Tower - Paris,Eiffel Tower - Paris/180.jpg
Eiffel Tower - Paris,Eiffel Tower - Paris/186.jpg
Eiffel Tower - Paris,Eiffel Tower - Paris/187.jpg
Eiffel Tower - Paris,Eiffel Tower - Paris/188.jpg
Eiffel Tower - Paris,Eiffel Tower - Paris/190.jpg
Eiffel Tower - Paris,Eiffel Tower - Paris/193.jpg
Eiffel Tower - Paris,Eiffel Tower - Paris/194.jpeg
Eiffel Tower - Paris,Eiffel Tower - Paris/195.jpg
Eiffel Tower - Paris,Eiffel Tower - Paris/196.jpg
Eiffel Tower - Paris,Eiffel Tower - Paris/197.jpg
Eiffel Tower - Paris,Eiffel Tower - Paris/199.jpg
Eiffel Tower - Paris,Eiffel Tower - Paris/201.jpeg
Eiffel Tower - Paris,Eiffel Tower - Paris/202.jpg
Eiffel Tower - Paris,Eiffel Tower - Paris/203.jpg
Eiffel Tower - Paris,Eiffel Tower - Paris/204.jpg
Eiffel Tower - Paris,Eiffel Tower - Paris/206.jpg
Eiffel Tower - Paris,Eiffel Tower - Paris/207.jpg
Eiffel Tower - Paris,Eiffel Tower - Paris/213.jpg
Eiffel Tower - Paris,Eiffel Tower - Paris/214.jpeg
Eiffel Tower - Paris,Eiffel Tower - Paris/216.jpg
Eiffel Tower - Paris,Eiffel Tower - Paris/217.jpeg
Eiffel Tower - Paris,Eiffel Tower - Paris/218.jpg
Giant-s Causeway,Giant-s Causeway/100.jpg
Giant-s Causeway,Giant-s Causeway/103.jpg
Giant-s Causeway,Giant-s Causeway/104.jpg
Giant-s Causeway,Giant-s Causeway/105.jpg
Giant-s Causeway,Giant-s Causeway/106.jpg
Giant-s Causeway,Giant-s Causeway/108.jpg
Giant-s Causeway,Giant-s Causeway/109.jpg
Giant-s Causeway,Giant-s Causeway/70.jpg
Giant-s Causeway,Giant-s Causeway/71.giants-causeway.jpg
Giant-s Causeway,Giant-s Causeway/71.jpg
Giant-s Causeway,Giant-s Causeway/72.jpg
Giant-s Causeway,Giant-s Causeway/73.T39248---Antrim-Giants-Causeway-Evening-Panorama.jpg
Giant-s Causeway,Giant-s Causeway/74.jpg
Giant-s Causeway,Giant-s Causeway/75.Giants-Causeway-Cover-nlodv72s22nfi2xfmfjyeitqvcgw79s6v7w7d5scqw.jpg
Giant-s Causeway,Giant-s Causeway/75.jpg
Giant-s Causeway,Giant-s Causeway/76.D-jdFdHXsAEq18G.jpg
Giant-s Causeway,Giant-s Causeway/79.jpg
Giant-s Causeway,Giant-s Causeway/80.got3.jpg
Giant-s Causeway,Giant-s Causeway/80.jpg
Giant-s Causeway,Giant-s Causeway/81.landscape-giants-causeway-northern-ireland-260nw-1438357835.jpg
Giant-s Causeway,Giant-s Causeway/82.belfast_giants_causway_2x1.jpg
Giant-s Causeway,Giant-s Causeway/82.jpg
Giant-s Causeway,Giant-s Causeway/83.60173964-coast-of-giant-s-causeway.jpg
Giant-s Causeway,Giant-s Causeway/83.jpg
Giant-s Causeway,Giant-s Causeway/84.jpg
Giant-s Causeway,Giant-s Causeway/86.jpg
Giant-s Causeway,Giant-s Causeway/87.jpg
Giant-s Causeway,Giant-s Causeway/88.0cf75a7e-giants-causeway-coast-way-irelandways.jpg
Giant-s Causeway,Giant-s Causeway/88.jpg
Giant-s Causeway,"Giant-s Causeway/89.basalt-columns-of-giants-causeway-antrim-coast-northern-ireland,109940.jpg"
Giant-s Causeway,Giant-s Causeway/89.jpg
Giant-s Causeway,Giant-s Causeway/90.giants-causeway-beautiful-summer-day-260nw-671525311.jpg
Giant-s Causeway,Giant-s Causeway/90.jpg
Giant-s Causeway,Giant-s Causeway/91.jpg
Giant-s Causeway,Giant-s Causeway/92.giants-causeway-tour-1.jpg
Giant-s Causeway,Giant-s Causeway/92.jpg
Giant-s Causeway,Giant-s Causeway/93.northern-ireland-giants-causeway.jpg
Giant-s Causeway,Giant-s Causeway/94.causeway-coast-way-giants-causeway.jpg
Giant-s Causeway,Giant-s Causeway/95.F3DB3A3F-052D-86DB-1B0A6DD679116E9E.jpg
Giant-s Causeway,Giant-s Causeway/95.jpg
Giant-s Causeway,Giant-s Causeway/96.jpg
Great Wall Of China - China,Great Wall Of China - China/102.jpg
Great Wall Of China - China,Great Wall Of China - China/105.jpg
Great Wall Of China - China,Great Wall Of China - China/106.jpg
Great Wall Of China - China,Great Wall Of China - China/60.the-great-wall-of-china-great-wall-of-china-is-a-series-of-fortifications-made-of-stone-brick-banner-long-format-RAH738.jpg
Great Wall Of China - China,Great Wall Of China - China/61.great-wall-of-china-flinders-ranges-south-australia-640x319.jpg
Great Wall Of China - China,Great Wall Of China - China/61.jpg
Great Wall Of China - China,Great Wall Of China - China/62._E9_95_BF_E5_9F_8E_E6_8B_BC_E5_9B_BE1_20jp.jpg
Great Wall Of China - China,Great Wall Of China - China/62.jpg
Great Wall Of China - China,Great Wall Of China - China/63.great-wall-china-landscape-260nw-36821797.jpg
Great Wall Of China - China,Great Wall Of China - China/64.Simatai_Great_Wall_banner.jpg
Great Wall Of China - China,Great Wall Of China - China/64.jpg
Great Wall Of China - China,Great Wall Of China - China/65.great-wall-panorama3-small.jpg
Great Wall Of China - China,Great Wall Of China - China/66.excursion-privada-gran-muralla-china.jpg
Great Wall Of China - China,Great Wall Of China - China/66.jpg
Great Wall Of China - China,Great Wall Of China - China/67.16967026-beijing-great-wall-of-china.jpg
Great Wall Of China - China,Great Wall Of China - China/68.jpg
Great Wall Of China - China,Great Wall Of China - China/69.15596387983375.jpg
Great Wall Of China - China,Great Wall Of China - China/69.jpg
Great Wall Of China - China,Great Wall Of China - China/70.DSC_0023.jpg
Great Wall Of China - China,Great Wall Of China - China/70.jpg
Great Wall Of China - China,Great Wall Of China - China/71.jpg
Great Wall Of China - China,Great Wall Of China - China/72.china-great-wall-charity-challenge-main.jpg
Great Wall Of China - China,Great Wall Of China - China/72.jpg
Great Wall Of China - China,Great Wall Of China - China/73.613chinesehistory.jpg
Great Wall Of China - China,Great Wall Of China - China/73.jpg
Great Wall Of China - China,Great Wall Of China - China/74.china_great_wall_10.jpg
Great Wall Of China - China,Great Wall Of China - China/74.jpg
Great Wall Of China - China,Great Wall Of China - China/75.great-wall-of-china.jpg
Great Wall Of China - China,Great Wall Of China - China/75.jpg
Great Wall Of China - China,Great Wall Of China - China/76.great-wall-of-china.jpg
Great Wall Of China - China,Great Wall Of China - China/76.jpg
Great Wall Of China - China,Great Wall Of China - China/77.great-wall-of-china3.jpg
Great Wall Of China - China,Great Wall Of China - China/77.jpg
Great Wall Of China - China,Great Wall Of China - China/78.Peking_Great_Wall.jpg
Great Wall Of China - China,Great Wall Of China - China/79.cropped-great-wall-china-953399.jpg
Great Wall Of China - China,Great Wall Of China - China/79.jpg
Great Wall Of China - China,Great Wall Of China - China/80.voyage-chine-grande-muraille-chine-jinshanling-4.jpg
Great Wall Of China - China,Great Wall Of China - China/81.China-great-wall-of-china-16.jpg
Great Wall Of China - China,Great Wall Of China - China/81.jpg
Great Wall Of China - China,Great Wall Of China - China/82.6841179584_8cebbc8b16_b.jpg
Great Wall Of China - China,Great Wall Of China - China/83.Beijing-Layover-Great-Wall-1100x534.jpg
Great Wall Of China - China,Great Wall Of China - China/84.Great-Wall-of-China-273526-950px-16x7.jpg
Great Wall Of China - China,Great Wall Of China - China/84.jpg
Great Wall Of China - China,Great Wall Of China - China/85.great-wall-autumn_29191.jpg
Great Wall Of China - China,Great Wall Of China - China/86.badaling-447106.jpg
Great Wall Of China - China,Great Wall Of China - China/86.jpg
Great Wall Of China - China,Great Wall Of China - China/87.the-great-wall-of-china-ond-the-mountains-china-panorama-stock-picture-288842.jpg
Great Wall Of China - China,Great Wall Of China - China/88.2235deed950fb4461ccc8be7c3009848.jpg
Great Wall Of China - China,Great Wall Of China - China/89.jpg
Great Wall Of China - China,Great Wall Of China - China/89.str2_mcgreatwall_PLEASEUSE.PDF.jpg
Great Wall Of China - China,Great Wall Of China - China/90.2170-Muralla.jpg
Great Wall Of China - China,Great Wall Of China - China/92.jpg
Great Wall Of China - China,Great Wall Of China - China/93.jpg
Great Wall Of China - China,Great Wall Of China - China/94.jpg
Great Wall Of China - China,Great Wall Of China - China/97.jpg
Great Wall Of China - China,Great Wall Of China - China/99.jpg
Himalaya - India,Himalaya - India/101.jpg
Himalaya - India,Himalaya - India/60.tthim_himalayas.jpg
Himalaya - India,Himalaya - India/61.1050px-Panoramic_view_of_the_Himalayas_from_Kausani_2C_Uttarakhand.jpg
Himalaya - India,Himalaya - India/61.jpg
Himalaya - India,Himalaya - India/62.Pindari-Glacier-Trek.jpg
Himalaya - India,Himalaya - India/63.hangchendzonga-national-par.jpg
Himalaya - India,Himalaya - India/64.jpg
Himalaya - India,Himalaya - India/65.jpg
Himalaya - India,Himalaya - India/66.india-trekking-himalaya.jpg
Himalaya - India,Himalaya - India/67.0.23186100_1549439091_gettyimages-687401904.jpg
Himalaya - India,Himalaya - India/68.himalaya3-2.jpg
Himalaya - India,Himalaya - India/69.dry-mountain-rang-landscapes-of-the-indian-himalaya-near-leh-ladak-india-P9FDAF.jpg
Himalaya - India,Himalaya - India/70.jpg
Himalaya - India,Himalaya - India/70.logo-kedarnath1.jpg
Himalaya - India,Himalaya - India/71.eco1.jpg
Himalaya - India,Himalaya - India/71.jpg
Himalaya - India,Himalaya - India/72.127750177-view-landscape-of-himalayas-or-himalaya-range-mountain-with-confluence-of-the-indus-and-zanskar-rive.jpg
Himalaya - India,Himalaya - India/73.jpg
Himalaya - India,Himalaya - India/74.jpg
Himalaya - India,Himalaya - India/74.panoramic-view-himalaya-mountain-range-as-seen-northeast-india-pelling-mountains-left-to-right-kabru-metres-talung-109135260.jpg
Himalaya - India,Himalaya - India/75.5f46890b866ec4da0328d1815476bd16_northindia.himalayatour.441.jpg
Himalaya - India,Himalaya - India/75.jpeg
Himalaya - India,Himalaya - India/76.jpg
Himalaya - India,Himalaya - India/77.Kashmir-Great-Lakes-Trek.jpg
Himalaya - India,Himalaya - India/77.jpg
Himalaya - India,Himalaya - India/78.1200px-Kabru_Complex.jpg
Himalaya - India,Himalaya - India/79.Kanji-La.jpg
Himalaya - India,Himalaya - India/80.jpeg
Himalaya - India,Himalaya - India/81.indian-himalaya-panorama.jpg
Himalaya - India,Himalaya - India/81.png
Himalaya - India,Himalaya - India/82.jpg
Himalaya - India,Himalaya - India/84.jammu-3396131_960_720.jpg
Himalaya - India,Himalaya - India/84.jpg
Himalaya - India,Himalaya - India/85.jpg
Himalaya - India,Himalaya - India/86.jpg
Himalaya - India,Himalaya - India/88.pic1.jpg
Himalaya - India,Himalaya - India/89.banner-1.jpg
Himalaya - India,Himalaya - India/89.jpg
Himalaya - India,Himalaya - India/91.jpg
Himalaya - India,Himalaya - India/91.kabru-range-kanchenjunga-sikkim-himalaya-260nw-57145231.jpg
Himalaya - India,Himalaya - India/92.jpg
Himalaya - India,Himalaya - India/96.jpg
Himalaya - India,Himalaya - India/98.jpg
Himalaya - India,Himalaya - India/99.jpg
Machu Pichu,Machu Pichu/100.jpg
Machu Pichu,Machu Pichu/102.jpeg
Machu Pichu,Machu Pichu/104.jpg
Machu Pichu,Machu Pichu/105.jpg
Machu Pichu,Machu Pichu/106.jpeg
Machu Pichu,Machu Pichu/108.jpg
Machu Pichu,Machu Pichu/109.jpg
Machu Pichu,Machu Pichu/112.jpg
Machu Pichu,Machu Pichu/113.jpg
Machu Pichu,Machu Pichu/75.Machu-Picchu-Panorama.jpg
Machu Pichu,Machu Pichu/75.jpg
Machu Pichu,Machu Pichu/76.blogs-the-wanderlust-guide-to-the-best-of-machu-picchu.jpg
Machu Pichu,Machu Pichu/77.6.jpg
Machu Pichu,Machu Pichu/77.jpeg
Machu Pichu,Machu Pichu/78.133358_98ccce75.jpg
Machu Pichu,Machu Pichu/78.jpg
Machu Pichu,Machu Pichu/79.Machu-Picchu-5-2-640x280.jpg
Machu Pichu,Machu Pichu/80.5874615svmp_banner-640x300.jpg
Machu Pichu,Machu Pichu/80.jpg
Machu Pichu,Machu Pichu/81.machu_picchu_1325320_letterbox.jpg
Machu Pichu,Machu Pichu/82.MachuPicchu-Big-1024x459.jpg
Machu Pichu,Machu Pichu/82.jpg
Machu Pichu,Machu Pichu/83.amanecer.jpg
Machu Pichu,Machu Pichu/83.jpg
Machu Pichu,Machu Pichu/84.jpg
Machu Pichu,Machu Pichu/85.jpeg
Machu Pichu,Machu Pichu/85.social-share-machu-picchu.jpg
Machu Pichu,Machu Pichu/86.jpg
Machu Pichu,Machu Pichu/87.IMG_8266-1200x565.jpg
Machu Pichu,Machu Pichu/88.jpg
Machu Pichu,Machu Pichu/88.stunning-views-on-the-route-of-the-machu-picchu-trek.jpg
Machu Pichu,Machu Pichu/89.banner-73201.jpg
Machu Pichu,Machu Pichu/89.jpg
Machu Pichu,Machu Pichu/90.cusco-to-iquitos-luxury-amazon-river-cruise-aria-machu-picchu-1113x500.jpg
Machu Pichu,Machu Pichu/90.jpg
Machu Pichu,Machu Pichu/91.mp-s.jpg
Machu Pichu,Machu Pichu/92.jpeg
Machu Pichu,Machu Pichu/92.jpg
Machu Pichu,Machu Pichu/92.lists-5-things-i-wish-id-known-about-machu-picchu.jpg
Machu Pichu,Machu Pichu/93.Machu-Picchu.jpg
Machu Pichu,Machu Pichu/94.jpg
Machu Pichu,Machu Pichu/97.jpg
Machu Pichu,Machu Pichu/99.jpg
Niagara Falls,Niagara Falls/100.jpg
Niagara Falls,Niagara Falls/102.jpg
Niagara Falls,Niagara Falls/65.16.jpg
Niagara Falls,Niagara Falls/65.jpg
Niagara Falls,Niagara Falls/66.201608_Niagara_Falls-948x341.jpg
Niagara Falls,Niagara Falls/66.jpg
Niagara Falls,Niagara Falls/67.NiagaraFall_header-736x250.jpg
Niagara Falls,Niagara Falls/67.jpg
Niagara Falls,Niagara Falls/68.Niagara-Falls-1-1038x350.jpg
Niagara Falls,Niagara Falls/68.jpg
Niagara Falls,Niagara Falls/69.Niagara-Falls-Aerial-View.jpg
Niagara Falls,Niagara Falls/69.jpg
Niagara Falls,Niagara Falls/70.3-Day-Niagara-Falls-01-jpg.jpg
Niagara Falls,Niagara Falls/71.jpg
Niagara Falls,Niagara Falls/72.depositphotos_101278360-stock-photo-niagara-falls-on-the-border.jpg
Niagara Falls,Niagara Falls/72.jpg
Niagara Falls,Niagara Falls/73.jpg
Niagara Falls,Niagara Falls/75.jpg
Niagara Falls,Niagara Falls/77.nf-2_1.jpg
Niagara Falls,Niagara Falls/78.r_3769-wastewater-treatment-process-blamed-for-inky-water-at-niagara-falls.jpg
Niagara Falls,Niagara Falls/79.niagara-falls-1200x400.jpg
Niagara Falls,Niagara Falls/81.jpg
Niagara Falls,Niagara Falls/81.niagara-falls-625x302.jpg
Niagara Falls,Niagara Falls/82.41bd38bd-8803-4133-81c8-3f86a4ebed1e.jpg
Niagara Falls,Niagara Falls/83.jpg
Niagara Falls,Niagara Falls/83.niagara-falls-90-minute-tour-maid-mist-sightseeing-boat-cruise-attraction.jpg
Niagara Falls,"Niagara Falls/84.horseshoe-falls-niagara-falls-ontario-canada,65849.jpg"
Niagara Falls,Niagara Falls/84.jpg
Niagara Falls,Niagara Falls/85.dest_BU1_thumb2.jpg
Niagara Falls,Niagara Falls/85.jpg
Niagara Falls,Niagara Falls/86.Maid-of-the-Mist-rendering-snippet-702x336.jpg
Niagara Falls,Niagara Falls/86.jpg
Niagara Falls,Niagara Falls/87.Toronto-Niagara.jpg
Niagara Falls,Niagara Falls/89.jpg
Niagara Falls,Niagara Falls/90.jpg
Niagara Falls,Niagara Falls/91.jpg
Niagara Falls,Niagara Falls/92.jpg
Niagara Falls,Niagara Falls/93.jpeg
Niagara Falls,Niagara Falls/96.jpg
Niagara Falls,Niagara Falls/97.jpg
Pyramids Of Giza - Egypt,Pyramids Of Giza - Egypt/100.png
Pyramids Of Giza - Egypt,Pyramids Of Giza - Egypt/101.jpg
Pyramids Of Giza - Egypt,Pyramids Of Giza - Egypt/102.jpg
Pyramids Of Giza - Egypt,Pyramids Of Giza - Egypt/112.jpg
Pyramids Of Giza - Egypt,Pyramids Of Giza - Egypt/115.jpg
Pyramids Of Giza - Egypt,Pyramids Of Giza - Egypt/122.jpg
Pyramids Of Giza - Egypt,Pyramids Of Giza - Egypt/127.jpg
Pyramids Of Giza - Egypt,Pyramids Of Giza - Egypt/130.jpg
Pyramids Of Giza - Egypt,Pyramids Of Giza - Egypt/131.jpg
Pyramids Of Giza - Egypt,Pyramids Of Giza - Egypt/133.jpg
Pyramids Of Giza - Egypt,Pyramids Of Giza - Egypt/134.jpg
Pyramids Of Giza - Egypt,Pyramids Of Giza - Egypt/137.jpg
Pyramids Of Giza - Egypt,Pyramids Of Giza - Egypt/139.jpg
Pyramids Of Giza - Egypt,Pyramids Of Giza - Egypt/140.jpg
Pyramids Of Giza - Egypt,Pyramids Of Giza - Egypt/144.jpg
Pyramids Of Giza - Egypt,Pyramids Of Giza - Egypt/145.png
Pyramids Of Giza - Egypt,Pyramids Of Giza - Egypt/152.jpg
Pyramids Of Giza - Egypt,Pyramids Of Giza - Egypt/154.jpg
Pyramids Of Giza - Egypt,Pyramids Of Giza - Egypt/162.jpg
Pyramids Of Giza - Egypt,Pyramids Of Giza - Egypt/163.jpg
Pyramids Of Giza - Egypt,Pyramids Of Giza - Egypt/166.jpg
Pyramids Of Giza - Egypt,Pyramids Of Giza - Egypt/170.jpg
Pyramids Of Giza - Egypt,Pyramids Of Giza - Egypt/178.jpg
Pyramids Of Giza - Egypt,Pyramids Of Giza - Egypt/180.jpg
Pyramids Of Giza - Egypt,Pyramids Of Giza - Egypt/183.jpg
Pyramids Of Giza - Egypt,Pyramids Of Giza - Egypt/191.jpg
Pyramids Of Giza - Egypt,Pyramids Of Giza - Egypt/194.jpg
Pyramids Of Giza - Egypt,Pyramids Of Giza - Egypt/197.png
Pyramids Of Giza - Egypt,Pyramids Of Giza - Egypt/199.jpg
Pyramids Of Giza - Egypt,Pyramids Of Giza - Egypt/207.jpg
Pyramids Of Giza - Egypt,Pyramids Of Giza - Egypt/208.jpg
Pyramids Of Giza - Egypt,Pyramids Of Giza - Egypt/210.jpg
Pyramids Of Giza - Egypt,Pyramids Of Giza - Egypt/212.jpg
Pyramids Of Giza - Egypt,Pyramids Of Giza - Egypt/214.jpg
Pyramids Of Giza - Egypt,Pyramids Of Giza - Egypt/72.120717-110-Egypt-Pyramids-Architecture-Art-History.jpg
Pyramids Of Giza - Egypt,Pyramids Of Giza - Egypt/74.istock_45122734_giza_pyramids.jpg
Pyramids Of Giza - Egypt,Pyramids Of Giza - Egypt/76.pyr1d.jpg
Pyramids Of Giza - Egypt,Pyramids Of Giza - Egypt/77.depositphotos_50451917-stock-photo-collection-of-pyramids-of-giza.jpg
Pyramids Of Giza - Egypt,Pyramids Of Giza - Egypt/78.General-view-of-pyramids-with-Sphinx-Giza-Cairo-Egypt-shutterstock_1094727200-1000x500.jpg
Pyramids Of Giza - Egypt,Pyramids Of Giza - Egypt/79.Giza_Necr_C3_B3polis.jpg
Pyramids Of Giza - Egypt,Pyramids Of Giza - Egypt/80.jpg
Pyramids Of Giza - Egypt,Pyramids Of Giza - Egypt/80.slideheader27.jpg
Pyramids Of Giza - Egypt,Pyramids Of Giza - Egypt/81.imgbin-egyptian-pyramids-giza-pyramid-complex-ancient-egypt-egyptian-pyramids-pyramids-of-giza-099tedTj6tD2fdeqjqJRkgm3q.jpg
Pyramids Of Giza - Egypt,Pyramids Of Giza - Egypt/83.headerEgypt.jpg
Pyramids Of Giza - Egypt,Pyramids Of Giza - Egypt/84.giza-pyramids-boat.jpg
Pyramids Of Giza - Egypt,Pyramids Of Giza - Egypt/85.1ecd893926bf5c090baa8d6620a22bee.jpg
Pyramids Of Giza - Egypt,Pyramids Of Giza - Egypt/87.pyramid-of-khafre-giza-egypt-3-800x369.jpg
Pyramids Of Giza - Egypt,Pyramids Of Giza - Egypt/89.xGreat-Pyramid-Golden.jpg
Pyramids Of Giza - Egypt,Pyramids Of Giza - Egypt/90.The-Pyramids-of-Giza-Stopover-Cairo-day-tour-TripsInEgypt.jpg
Pyramids Of Giza - Egypt,Pyramids Of Giza - Egypt/91.desert-3217765__340.jpg
Pyramids Of Giza - Egypt,Pyramids Of Giza - Egypt/91.jpg
Pyramids Of Giza - Egypt,Pyramids Of Giza - Egypt/92.Egypt-Giza-Pyramids-Panorama.jpg
Pyramids Of Giza - Egypt,Pyramids Of Giza - Egypt/94.jpg
Pyramids Of Giza - Egypt,Pyramids Of Giza - Egypt/98.jpg
Pyramids Of Giza - Egypt,Pyramids Of Giza - Egypt/99.jpg
Roman Colosseum - Rome,Roman Colosseum - Rome/100.jpeg
Roman Colosseum - Rome,Roman Colosseum - Rome/101.jpg
Roman Colosseum - Rome,Roman Colosseum - Rome/102.jpg
Roman Colosseum - Rome,Roman Colosseum - Rome/103.jpg
Roman Colosseum - Rome,Roman Colosseum - Rome/106.jpg
Roman Colosseum - Rome,Roman Colosseum - Rome/107.jpg
Roman Colosseum - Rome,Roman Colosseum - Rome/109.jpg
Roman Colosseum - Rome,Roman Colosseum - Rome/112.png
Roman Colosseum - Rome,Roman Colosseum - Rome/70.jpg
Roman Colosseum - Rome,Roman Colosseum - Rome/71.colosseum-2340415_1920.jpg
Roman Colosseum - Rome,Roman Colosseum - Rome/71.jpg
Roman Colosseum - Rome,Roman Colosseum - Rome/72.CIV_56NewImg0611D_lg.jpg
Roman Colosseum - Rome,Roman Colosseum - Rome/72.jpg
Roman Colosseum - Rome,Roman Colosseum - Rome/73.fixedw_large_2x.jpg
Roman Colosseum - Rome,Roman Colosseum - Rome/73.jpg
Roman Colosseum - Rome,Roman Colosseum - Rome/74.jpg
Roman Colosseum - Rome,Roman Colosseum - Rome/75.jpg
Roman Colosseum - Rome,Roman Colosseum - Rome/76.jpg
Roman Colosseum - Rome,Roman Colosseum - Rome/76.storyblocks-roman-colosseum-rome-italy_BXtLiZHYN_SB_PM.jpg
Roman Colosseum - Rome,Roman Colosseum - Rome/77.80349748-panoramic-view-of-roman-colosseum-interior-at-colorful-sunset-rome-italy.jpg
Roman Colosseum - Rome,Roman Colosseum - Rome/77.jpg
Roman Colosseum - Rome,Roman Colosseum - Rome/78.colosseum.jpg
Roman Colosseum - Rome,Roman Colosseum - Rome/78.jpg
Roman Colosseum - Rome,Roman Colosseum - Rome/79.colosseum-rome.jpg
Roman Colosseum - Rome,Roman Colosseum - Rome/79.jpg
Roman Colosseum - Rome,Roman Colosseum - Rome/80.D979bZQXUAAiiBm.jpg
Roman Colosseum - Rome,Roman Colosseum - Rome/80.jpg
Roman Colosseum - Rome,Roman Colosseum - Rome/81.tour_img-1816822-146.jpg
Roman Colosseum - Rome,Roman Colosseum - Rome/82.rome-italy-april-2018-panorama-of-the-interior-of-the-roman-colosseum-showing-the-arena-and-the-hypogeum-in-a-beautiful-sunny-day-WDG8PX.jpg
Roman Colosseum - Rome,Roman Colosseum - Rome/83.colosseum-broken.jpg
Roman Colosseum - Rome,Roman Colosseum - Rome/84.jpg
Roman Colosseum - Rome,Roman Colosseum - Rome/85.jpg
Roman Colosseum - Rome,Roman Colosseum - Rome/86.jpg
Roman Colosseum - Rome,Roman Colosseum - Rome/90.jpg
Roman Colosseum - Rome,Roman Colosseum - Rome/91.jpg
Roman Colosseum - Rome,Roman Colosseum - Rome/92.jpg
Roman Colosseum - Rome,Roman Colosseum - Rome/96.jpg
Roman Colosseum - Rome,Roman Colosseum - Rome/97.jpg
Roman Colosseum - Rome,Roman Colosseum - Rome/98.jpg
Roman Colosseum - Rome,Roman Colosseum - Rome/99.jpg
Santorini,Santorini/100.jpg
Santorini,Santorini/101.jpg
Santorini,Santorini/107.jpg
Santorini,Santorini/110.jpg
Santorini,Santorini/112.jpg
Santorini,Santorini/113.jpg
Santorini,Santorini/114.jpg
Santorini,Santorini/116.jpg
Santorini,Santorini/119.jpg
Santorini,Santorini/120.jpg
Santorini,Santorini/123.jpg
Santorini,Santorini/124.jpg
Santorini,Santorini/126.jpg
Santorini,Santorini/129.jpg
Santorini,Santorini/130.jpg
Santorini,Santorini/132.jpg
Santorini,Santorini/137.jpg
Santorini,Santorini/138.jpg
Santorini,Santorini/142.jpg
Santorini,Santorini/144.jpg
Santorini,Santorini/145.jpg
Santorini,Santorini/146.jpg
Santorini,Santorini/147.jpg
Santorini,Santorini/148.jpg
Santorini,Santorini/151.jpg
Santorini,Santorini/152.png
Santorini,Santorini/153.jpg
Santorini,Santorini/154.jpg
Santorini,Santorini/156.jpg
Santorini,Santorini/157.jpg
Santorini,Santorini/159.jpg
Santorini,Santorini/160.jpg
Santorini,Santorini/162.jpg
Santorini,Santorini/165.jpg
Santorini,Santorini/167.jpg
Santorini,Santorini/169.jpg
Santorini,Santorini/171.jpg
Santorini,Santorini/173.jpg
Santorini,Santorini/175.jpg
Santorini,Santorini/176.jpg
Santorini,Santorini/178.jpg
Santorini,Santorini/179.jpg
Santorini,Santorini/181.jpg
Santorini,Santorini/184.jpg
Santorini,Santorini/188.jpg
Santorini,Santorini/190.jpg
Santorini,Santorini/191.jpg
Santorini,Santorini/193.jpg
Statue Of Liberty - NYC,Statue Of Liberty - NYC/102.jpeg
Statue Of Liberty - NYC,Statue Of Liberty - NYC/103.jpg
Statue Of Liberty - NYC,Statue Of Liberty - NYC/104.jpeg
Statue Of Liberty - NYC,Statue Of Liberty - NYC/105.jpg
Statue Of Liberty - NYC,Statue Of Liberty - NYC/107.jpg
Statue Of Liberty - NYC,Statue Of Liberty - NYC/109.jpg
Statue Of Liberty - NYC,Statue Of Liberty - NYC/110.jpg
Statue Of Liberty - NYC,Statue Of Liberty - NYC/111.jpg
Statue Of Liberty - NYC,Statue Of Liberty - NYC/114.jpg
Statue Of Liberty - NYC,Statue Of Liberty - NYC/115.jpg
Statue Of Liberty - NYC,Statue Of Liberty - NYC/70.jpg
Statue Of Liberty - NYC,Statue Of Liberty - NYC/71.new-york-water-taxi.jpg
Statue Of Liberty - NYC,Statue Of Liberty - NYC/72.jpg
Statue Of Liberty - NYC,Statue Of Liberty - NYC/74.jpg
Statue Of Liberty - NYC,Statue Of Liberty - NYC/75.NYC-and-Statue-of-Liberty-Nav-2.22.19.jpg
Statue Of Liberty - NYC,Statue Of Liberty - NYC/77.jpg
Statue Of Liberty - NYC,Statue Of Liberty - NYC/77.nyc-header.jpg
Statue Of Liberty - NYC,Statue Of Liberty - NYC/78.jpg
Statue Of Liberty - NYC,Statue Of Liberty - NYC/78.nyc-skyline-twin-towers-tom-jelen.jpg
Statue Of Liberty - NYC,Statue Of Liberty - NYC/79.5b490effad6b9_SL_800x400_3.jpg
Statue Of Liberty - NYC,Statue Of Liberty - NYC/79.jpg
Statue Of Liberty - NYC,Statue Of Liberty - NYC/80.jpg
Statue Of Liberty - NYC,Statue Of Liberty - NYC/80.statueliberty_schaer-087_2_7c807f28-5056-a36f-2305dd52386d8ab0.jpg
Statue Of Liberty - NYC,Statue Of Liberty - NYC/82.jpg
Statue Of Liberty - NYC,Statue Of Liberty - NYC/84.jpg
Statue Of Liberty - NYC,Statue Of Liberty - NYC/85.jpg
Statue Of Liberty - NYC,Statue Of Liberty - NYC/86.jpg
Statue Of Liberty - NYC,Statue Of Liberty - NYC/88.jpg
Statue Of Liberty - NYC,Statue Of Liberty - NYC/90.jpg
Statue Of Liberty - NYC,Statue Of Liberty - NYC/92.jpg
Statue Of Liberty - NYC,Statue Of Liberty - NYC/94.jpg
Statue Of Liberty - NYC,Statue Of Liberty - NYC/95.jpg
Statue Of Liberty - NYC,Statue Of Liberty - NYC/97.jpg
Statue Of Liberty - NYC,Statue Of Liberty - NYC/98.jpg
Statue Of Liberty - NYC,Statue Of Liberty - NYC/99.jpg
Stonehenge,Stonehenge/100.jpg
Stonehenge,Stonehenge/102.jpg
Stonehenge,Stonehenge/103.jpg
Stonehenge,Stonehenge/104.jpg
Stonehenge,Stonehenge/105.jpg
Stonehenge,Stonehenge/106.jpg
Stonehenge,Stonehenge/109.jpg
Stonehenge,Stonehenge/110.jpg
Stonehenge,Stonehenge/111.jpg
Stonehenge,Stonehenge/112.jpeg
Stonehenge,Stonehenge/114.jpg
Stonehenge,Stonehenge/119.jpg
Stonehenge,Stonehenge/121.jpg
Stonehenge,Stonehenge/80.stonehenge-interactive-bg-e1495294229687.jpg
Stonehenge,Stonehenge/81.jpg
Stonehenge,Stonehenge/81.stonehenge2-700x255.jpg
Stonehenge,Stonehenge/82.IPO_01NewTour0724H_lg.jpg
Stonehenge,Stonehenge/83.jpg
Stonehenge,Stonehenge/83.stonhenge.jpg
Stonehenge,Stonehenge/84.jpg
Stonehenge,Stonehenge/85.IMG_3335-1230x400.jpg
Stonehenge,Stonehenge/85.jpg
Stonehenge,Stonehenge/86.Web_Stonehenge_iStock-172382850.jpg
Stonehenge,Stonehenge/86.jpg
Stonehenge,Stonehenge/87.598a56edcf003.image.jpg
Stonehenge,Stonehenge/88.stonehenge-bluestones-880x440.jpg
Stonehenge,Stonehenge/89.Trilithon.jpg
Stonehenge,Stonehenge/89.jpg
Stonehenge,Stonehenge/90.jpg
Stonehenge,Stonehenge/91.Best-preserved-part-of-the-outer-stone-circle-also-you-can-see-the-fallen-stone-so-called-Slaughter-Stone-Stonehenge-900x450.jpg
Stonehenge,Stonehenge/91.jpg
Stonehenge,Stonehenge/92.jpg
Stonehenge,Stonehenge/93.jpg
Stonehenge,Stonehenge/98.jpg
Stonehenge,Stonehenge/99.jpg
Taj Mahal - India,Taj Mahal - India/101.jpg
Taj Mahal - India,Taj Mahal - India/103.jpg
Taj Mahal - India,Taj Mahal - India/104.jpg
Taj Mahal - India,Taj Mahal - India/111.jpg
Taj Mahal - India,Taj Mahal - India/116.jpg
Taj Mahal - India,Taj Mahal - India/119.jpg
Taj Mahal - India,Taj Mahal - India/120.jpg
Taj Mahal - India,Taj Mahal - India/121.jpg
Taj Mahal - India,Taj Mahal - India/128.jpg
Taj Mahal - India,Taj Mahal - India/138.jpg
Taj Mahal - India,Taj Mahal - India/141.jpg
Taj Mahal - India,Taj Mahal - India/142.jpg
Taj Mahal - India,Taj Mahal - India/146.jpg
Taj Mahal - India,Taj Mahal - India/150.jpg
Taj Mahal - India,Taj Mahal - India/151.jpg
Taj Mahal - India,Taj Mahal - India/152.jpg
Taj Mahal - India,Taj Mahal - India/155.jpg
Taj Mahal - India,Taj Mahal - India/158.jpg
Taj Mahal - India,Taj Mahal - India/161.jpg
Taj Mahal - India,Taj Mahal - India/168.jpg
Taj Mahal - India,Taj Mahal - India/182.jpg
Taj Mahal - India,Taj Mahal - India/186.png
Taj Mahal - India,Taj Mahal - India/191.jpg
Taj Mahal - India,Taj Mahal - India/192.jpg
Taj Mahal - India,Taj Mahal - India/195.jpg
Taj Mahal - India,Taj Mahal - India/94.jpg
Taj Mahal - India,Taj Mahal - India/96.jpg
The Blue Grotto - Capri,The Blue Grotto - Capri/102.jpg
The Blue Grotto - Capri,The Blue Grotto - Capri/103.jpg
The Blue Grotto - Capri,The Blue Grotto - Capri/104.jpg
The Blue Grotto - Capri,The Blue Grotto - Capri/106.jpg
The Blue Grotto - Capri,The Blue Grotto - Capri/81.jpeg
The Blue Grotto - Capri,The Blue Grotto - Capri/82.jpg
The Blue Grotto - Capri,The Blue Grotto - Capri/84.jpg
The Blue Grotto - Capri,The Blue Grotto - Capri/85.jpg
The Blue Grotto - Capri,The Blue Grotto - Capri/86.jpg
The Blue Grotto - Capri,The Blue Grotto - Capri/87.grotto-azzurra-malta-is-AEX730.jpg
The Blue Grotto - Capri,The Blue Grotto - Capri/87.jpg
The Blue Grotto - Capri,The Blue Grotto - Capri/88.jpg
The Blue Grotto - Capri,The Blue Grotto - Capri/89.jpg
The Blue Grotto - Capri,The Blue Grotto - Capri/90.jpg
The Blue Grotto - Capri,The Blue Grotto - Capri/91.jpg
The Blue Grotto - Capri,The Blue Grotto - Capri/92.jpg
The Blue Grotto - Capri,The Blue Grotto - Capri/93.jpg
The Blue Grotto - Capri,The Blue Grotto - Capri/94.jpg
The Blue Grotto - Capri,The Blue Grotto - Capri/95.jpg
The Blue Grotto - Capri,The Blue Grotto - Capri/96.jpg
The Blue Grotto - Capri,The Blue Grotto - Capri/97.jpg
The Blue Grotto - Capri,The Blue Grotto - Capri/98.jpg
The Blue Grotto - Capri,The Blue Grotto - Capri/99.png
Venezuela Angel Falls,Venezuela Angel Falls/225.jpg
Venezuela Angel Falls,Venezuela Angel Falls/227.jpg
Venezuela Angel Falls,Venezuela Angel Falls/229.jpg
Venezuela Angel Falls,Venezuela Angel Falls/230.jpg
Venezuela Angel Falls,Venezuela Angel Falls/232.jpg
Venezuela Angel Falls,Venezuela Angel Falls/236.jpg
Venezuela Angel Falls,Venezuela Angel Falls/241.jpg
Venezuela Angel Falls,Venezuela Angel Falls/243.jpg
Venezuela Angel Falls,Venezuela Angel Falls/249.jpg
Venezuela Angel Falls,Venezuela Angel Falls/250.jpg
Venezuela Angel Falls,Venezuela Angel Falls/252.jpg
Venezuela Angel Falls,Venezuela Angel Falls/253.jpg
Venezuela Angel Falls,Venezuela Angel Falls/254.jpg
Venezuela Angel Falls,Venezuela Angel Falls/255.jpg
Venezuela Angel Falls,Venezuela Angel Falls/258.jpg
Venezuela Angel Falls,Venezuela Angel Falls/269.jpg
Venezuela Angel Falls,Venezuela Angel Falls/271.jpg
Venezuela Angel Falls,Venezuela Angel Falls/274.jpg
Venezuela Angel Falls,Venezuela Angel Falls/280.jpg
Venezuela Angel Falls,Venezuela Angel Falls/283.jpg
Venezuela Angel Falls,Venezuela Angel Falls/295.jpg
Venezuela Angel Falls,Venezuela Angel Falls/297.jpg
Venezuela Angel Falls,Venezuela Angel Falls/310.jpg
Venezuela Angel Falls,Venezuela Angel Falls/312.jpg
Venezuela Angel Falls,Venezuela Angel Falls/315.jpg
Venezuela Angel Falls,Venezuela Angel Falls/316.jpg
Venezuela Angel Falls,Venezuela Angel Falls/317.jpg
Venezuela Angel Falls,Venezuela Angel Falls/321.jpg
Venezuela Angel Falls,Venezuela Angel Falls/322.jpg
Venezuela Angel Falls,Venezuela Angel Falls/325.jpg
Venezuela Angel Falls,Venezuela Angel Falls/331.jpg
Venezuela Angel Falls,Venezuela Angel Falls/336.jpg
Venezuela Angel Falls,Venezuela Angel Falls/342.jpg
Venezuela Angel Falls,Venezuela Angel Falls/343.jpg
Venezuela Angel Falls,Venezuela Angel Falls/345.jpg
Venezuela Angel Falls,Venezuela Angel Falls/349.jpg
Venezuela Angel Falls,Venezuela Angel Falls/352.jpg
Venezuela Angel Falls,Venezuela Angel Falls/363.jpg
Venezuela Angel Falls,Venezuela Angel Falls/366.jpg
Venezuela Angel Falls,Venezuela Angel Falls/373.jpg
Venezuela Angel Falls,Venezuela Angel Falls/376.jpg
Venezuela Angel Falls,Venezuela Angel Falls/378.jpg
Venezuela Angel Falls,Venezuela Angel Falls/383.jpg
Venezuela Angel Falls,Venezuela Angel Falls/389.jpg
Venezuela Angel Falls,Venezuela Angel Falls/395.jpg
Venezuela Angel Falls,Venezuela Angel Falls/402.jpg
Venezuela Angel Falls,Venezuela Angel Falls/403.jpg
